{
  "code": 0
,"msg": ""
,"count": 1000
,"data": [{"ordernumber": "001","name": "设备1","number": "x001","state":"连接中"},
  {"ordernumber": "002","name": "设备2","number": "x002","state":"连接中"},
  {"ordernumber": "003","name": "设备3","number": "x003","state":"连接中"},
  {"ordernumber": "004","name": "设备4","number": "x004","state":"连接中"},
  {"ordernumber": "005","name": "设备5","number": "x005","state":"连接中"},
  {"ordernumber": "006","name": "设备6","number": "x006","state":"连接中"},
  {"ordernumber": "007","name": "设备7","number": "x007","state":"连接中"},
  {"ordernumber": "008","name": "设备8","number": "x008","state":"连接中"},
  {"ordernumber": "009","name": "设备9","number": "x009","state":"连接中"},
  {"ordernumber": "010","name": "设备10","number": "x010","state":"连接中"},
  {"ordernumber": "011","name": "设备11","number": "x011","state":"连接中"},
  {"ordernumber": "012","name": "设备12","number": "x012","state":"连接中"},
  {"ordernumber": "013","name": "设备13","number": "x013","state":"连接中"
  }]
}