<?xml version="1.0" encoding="UTF-8"?>
<!DOCTYPE mapper PUBLIC "-//mybatis.org//DTD Mapper 3.0//EN" "http://mybatis.org/dtd/mybatis-3-mapper.dtd">
<mapper namespace="com.len.mapper.PUserDeviceMapper">
  <resultMap id="BaseResultMap" type="com.len.entity.PUserDevice">
    <!--
      WARNING - @mbg.generated
    -->
    <id column="userid" jdbcType="VARCHAR" property="userid" />
    <result column="deviceid" jdbcType="VARCHAR" property="deviceid" />
  </resultMap>

<insert id="addUserDevice" parameterType="com.len.entity.PUserDevice">
  insert into p_user_device (userid, deviceid) VALUES
  (#{userid},#{deviceid})
</insert>

  <select id="getuidbyeid" parameterType="java.lang.String" resultType="java.lang.String">
    select userid from p_user_device where deviceid = #{eid}
  </select>

</mapper>