<?xml version="1.0" encoding="UTF-8"?>
<!DOCTYPE mapper PUBLIC "-//mybatis.org//DTD Mapper 3.0//EN" "http://mybatis.org/dtd/mybatis-3-mapper.dtd">
<mapper namespace="com.len.mapper.SysRoleMapper">
  <resultMap id="BaseResultMap" type="com.len.entity.SysRole">
    <!--
      WARNING - @mbg.generated
    -->
    <id column="id" jdbcType="VARCHAR" property="id" />
    <result column="role_name" jdbcType="VARCHAR" property="roleName" />
    <result column="remark" jdbcType="VARCHAR" property="remark" />
    <result column="create_by" jdbcType="VARCHAR" property="createBy" />
    <result column="create_date" jdbcType="TIMESTAMP" property="createDate" />
    <result column="update_by" jdbcType="VARCHAR" property="updateBy" />
    <result column="update_date" jdbcType="TIMESTAMP" property="updateDate" />
  </resultMap>

  <select id="selectListByPage" parameterType="com.len.entity.SysRole" resultMap="BaseResultMap">
    SELECT *
    from sys_role
    <where>
      <if test="roleName!=null and roleName!=''">and role_name like '%${roleName}%'</if>
      <if test="remark!=null and remark!=''">and remark like '%${remark}%'</if>
    </where>
    order by create_date desc
  </select>

  <select id="getuserroleid" resultType="java.lang.String" >
    select id from sys_role where role_name ='customer'
  </select>
</mapper>